﻿<?xml version="1.0" encoding="utf-8" ?>
<Defs>

 
  <!--======================= Entosomnia caskets ===========================-->

  <ThingDef ParentName="BuildingBase">
    <defName>EntosomnicCasket</defName>
    <label>entosomnic casket</label>
    <description>A self-powered sarcophagus designed to keep a person in a state of suspended animation for many years.</description>
    <thingClass>Building_CryptosleepCasket</thingClass>
    <graphicData>
      <texPath>Things/Building/Misc/EntosomnicCasket</texPath>
      <graphicClass>Graphic_Multi</graphicClass>
      <drawSize>(1, 2)</drawSize>
      <shadowData>
        <volume>(0.83, 0.3, 1.7)</volume>
      </shadowData>
	<shaderType>CutoutComplex</shaderType>
    </graphicData>
    <researchPrerequisites><li>Entosomnia</li></researchPrerequisites>
    <altitudeLayer>Building</altitudeLayer>
    <passability>PassThroughOnly</passability>
    <pathCost>70</pathCost>
    <blockWind>true</blockWind>
    <fillPercent>0.5</fillPercent>
    <canOverlapZones>false</canOverlapZones>
    <statBases>
      <WorkToBuild>3200</WorkToBuild>
      <MaxHitPoints>250</MaxHitPoints>
      <Flammability>0.5</Flammability>
    </statBases>
    <tickerType>Normal</tickerType>
    <size>(1,2)</size>
	<stuffCategories>
      <li>Stony</li>
    </stuffCategories>
	<costStuffCount>60</costStuffCount>	
	<costList>
      <Steel>100</Steel>
      <InsectJelly>150</InsectJelly>
      <Gold>50</Gold>
	  <Ambrosia>10</Ambrosia>
	  <Silver>300</Silver>
    </costList>
    <designationCategory>Misc</designationCategory>
    <hasInteractionCell>true</hasInteractionCell>
    <interactionCellOffset>(0,0,1)</interactionCellOffset>
    <defaultPlacingRot>South</defaultPlacingRot>
    <building>
      <ai_chillDestination>false</ai_chillDestination>
    </building>
    <comps>
      <li Class="CompProperties_EmptyStateGraphic">
        <graphicData>
          <texPath>Things/Building/Misc/EntosomnicCasketOpenDoor</texPath>
          <graphicClass>Graphic_Multi</graphicClass>
          <drawSize>(1, 2)</drawSize>
        </graphicData>
      </li>
    </comps>
    <placeWorkers>
      <li>PlaceWorker_PreventInteractionSpotOverlap</li>
    </placeWorkers>
    <inspectorTabs>
      <li>ITab_ContentsCasket</li>
    </inspectorTabs>
    <terrainAffordanceNeeded>Medium</terrainAffordanceNeeded>
    <constructionSkillPrerequisite>8</constructionSkillPrerequisite>
  </ThingDef>

</Defs>