<?xml version="1.0" encoding="utf-8" ?>
<Defs>
	
	<RecipeDef Name="SurgeryMedMechanical" ParentName="SurgeryFlesh" Abstract="True">
		<surgerySuccessChanceFactor>1</surgerySuccessChanceFactor>
		<deathOnFailedSurgeryChance>0</deathOnFailedSurgeryChance>
		<recipeUsers>
			<li>Human</li>
		</recipeUsers>
		<dontShowIfAnyIngredientMissing>true</dontShowIfAnyIngredientMissing>
	</RecipeDef>

	<RecipeDef ParentName="SurgeryMedMechanical">
		<defName>InstallMechanicalMedHand</defName>
		<label>install mechanical hand</label>
		<description>Installs mechanical hand.</description>
		<workerClass>Recipe_InstallArtificialBodyPart</workerClass>
		<jobString>Installing mechanical hand.</jobString>
		<workAmount>350</workAmount>
		<ingredients>
			<li>
				<filter>
					<categories>
						<li>Medicine</li>
					</categories>
				</filter>
				<count>1</count>
			</li>
			<li>
				<filter>
					<thingDefs>
						<li>MechanicalMedHand</li>
					</thingDefs>
				</filter>
				<count>1</count>
			</li>
		</ingredients>
		<fixedIngredientFilter>
			<categories>
				<li>Medicine</li>
			</categories>
			<thingDefs>
				<li>MechanicalMedHand</li>
			</thingDefs>
		</fixedIngredientFilter>
		<appliedOnFixedBodyParts>
			<li>Hand</li>
		</appliedOnFixedBodyParts>
		<addsHediff>MechanicalMedHand</addsHediff>
	</RecipeDef>
	
	<RecipeDef ParentName="SurgeryMedMechanical">
		<defName>InstallMechanicalMedArm</defName>
		<label>install mechanical arm</label>
		<description>Installs mechanical arm.</description>
		<workerClass>Recipe_InstallArtificialBodyPart</workerClass>
		<jobString>Installing mechanical arm.</jobString>
		<workAmount>350</workAmount>
		<ingredients>
			<li>
				<filter>
					<categories>
						<li>Medicine</li>
					</categories>
				</filter>
				<count>1</count>
			</li>
			<li>
				<filter>
					<thingDefs>
						<li>MechanicalMedArm</li>
					</thingDefs>
				</filter>
				<count>1</count>
			</li>
		</ingredients>
		<fixedIngredientFilter>
			<categories>
				<li>Medicine</li>
			</categories>
			<thingDefs>
				<li>MechanicalMedArm</li>
			</thingDefs>
		</fixedIngredientFilter>
		<appliedOnFixedBodyParts>
			<li>Shoulder</li>
		</appliedOnFixedBodyParts>
		<addsHediff>MechanicalMedArm</addsHediff>
	</RecipeDef>
	
	<RecipeDef ParentName="SurgeryMedMechanical">
		<defName>InstallMechanicalMedLeg</defName>
		<label>install mechanical leg</label>
		<description>Installs mechanical leg.</description>
		<workerClass>Recipe_InstallArtificialBodyPart</workerClass>
		<jobString>Installing mechanical leg.</jobString>
		<workAmount>350</workAmount>
		<ingredients>
			<li>
				<filter>
					<categories>
						<li>Medicine</li>
					</categories>
				</filter>
				<count>1</count>
			</li>
			<li>
				<filter>
					<thingDefs>
						<li>MechanicalMedLeg</li>
					</thingDefs>
				</filter>
				<count>1</count>
			</li>
		</ingredients>
		<fixedIngredientFilter>
			<categories>
				<li>Medicine</li>
			</categories>
			<thingDefs>
				<li>MechanicalMedLeg</li>
			</thingDefs>
		</fixedIngredientFilter>
		<appliedOnFixedBodyParts>
			<li>Leg</li>
		</appliedOnFixedBodyParts>
		<addsHediff>MechanicalMedLeg</addsHediff>
	</RecipeDef>
	
	<RecipeDef ParentName="SurgeryMedMechanical">
		<defName>InstallMechanicalMedFoot</defName>
		<label>install mechanical foot</label>
		<description>Installs mechanical foot.</description>
		<workerClass>Recipe_InstallArtificialBodyPart</workerClass>
		<jobString>Installing mechanical foot.</jobString>
		<workAmount>350</workAmount>
		<ingredients>
			<li>
				<filter>
					<categories>
						<li>Medicine</li>
					</categories>
				</filter>
				<count>1</count>
			</li>
			<li>
				<filter>
					<thingDefs>
						<li>MechanicalMedFoot</li>
					</thingDefs>
				</filter>
				<count>1</count>
			</li>
		</ingredients>
		<fixedIngredientFilter>
			<categories>
				<li>Medicine</li>
			</categories>
			<thingDefs>
				<li>MechanicalMedFoot</li>
			</thingDefs>
		</fixedIngredientFilter>
		<appliedOnFixedBodyParts>
			<li>Foot</li>
		</appliedOnFixedBodyParts>
		<addsHediff>MechanicalMedFoot</addsHediff>
	</RecipeDef>
	
	<RecipeDef ParentName="SurgeryMedMechanical">
		<defName>InstallMechanicalMedFinger</defName>
		<label>install mechanical finger</label>
		<description>Installs mechanical finger.</description>
		<workerClass>Recipe_InstallArtificialBodyPart</workerClass>
		<jobString>Installing mechanical finger.</jobString>
		<workAmount>350</workAmount>
		<ingredients>
			<li>
				<filter>
					<categories>
						<li>Medicine</li>
					</categories>
				</filter>
				<count>1</count>
			</li>
			<li>
				<filter>
					<thingDefs>
						<li>MechanicalMedFinger</li>
					</thingDefs>
				</filter>
				<count>1</count>
			</li>
		</ingredients>
		<fixedIngredientFilter>
			<categories>
				<li>Medicine</li>
			</categories>
			<thingDefs>
				<li>MechanicalMedFinger</li>
			</thingDefs>
		</fixedIngredientFilter>
		<appliedOnFixedBodyParts>
			<li>Finger</li>
		</appliedOnFixedBodyParts>
		<addsHediff>MechanicalMedFinger</addsHediff>
	</RecipeDef>
	
	<RecipeDef ParentName="SurgeryMedMechanical">
		<defName>InstallMechanicalMedToe</defName>
		<label>install mechanical toe</label>
		<description>Installs mechanical toe.</description>
		<workerClass>Recipe_InstallArtificialBodyPart</workerClass>
		<jobString>Installing mechanical toe.</jobString>
		<workAmount>350</workAmount>
		<ingredients>
			<li>
				<filter>
					<categories>
						<li>Medicine</li>
					</categories>
				</filter>
				<count>1</count>
			</li>
			<li>
				<filter>
					<thingDefs>
						<li>MechanicalMedToe</li>
					</thingDefs>
				</filter>
				<count>1</count>
			</li>
		</ingredients>
		<fixedIngredientFilter>
			<categories>
				<li>Medicine</li>
			</categories>
			<thingDefs>
				<li>MechanicalMedToe</li>
			</thingDefs>
		</fixedIngredientFilter>
		<appliedOnFixedBodyParts>
			<li>Toe</li>
		</appliedOnFixedBodyParts>
		<addsHediff>MechanicalMedToe</addsHediff>
	</RecipeDef>
	
	<RecipeDef ParentName="SurgeryMedMechanical">
		<defName>InstallMechanicalMedNose</defName>
		<label>install mechanical nose</label>
		<description>Installs mechanical nose.</description>
		<workerClass>Recipe_InstallArtificialBodyPart</workerClass>
		<jobString>Installing mechanical nose.</jobString>
		<workAmount>350</workAmount>
		<ingredients>
			<li>
				<filter>
					<categories>
						<li>Medicine</li>
					</categories>
				</filter>
				<count>1</count>
			</li>
			<li>
				<filter>
					<thingDefs>
						<li>MechanicalMedNose</li>
					</thingDefs>
				</filter>
				<count>1</count>
			</li>
		</ingredients>
		<fixedIngredientFilter>
			<categories>
				<li>Medicine</li>
			</categories>
			<thingDefs>
				<li>MechanicalMedNose</li>
			</thingDefs>
		</fixedIngredientFilter>
		<appliedOnFixedBodyParts>
			<li>Nose</li>
		</appliedOnFixedBodyParts>
		<addsHediff>MechanicalMedNose</addsHediff>
	</RecipeDef>
	
	<RecipeDef ParentName="SurgeryMedMechanical">
		<defName>InstallMechanicalMedEye</defName>
		<label>install mechanical eye</label>
		<description>Installs mechanical eye.</description>
		<workerClass>Recipe_InstallArtificialBodyPart</workerClass>
		<jobString>Installing mechanical eye.</jobString>
		<workAmount>350</workAmount>
		<ingredients>
			<li>
				<filter>
					<categories>
						<li>Medicine</li>
					</categories>
				</filter>
				<count>1</count>
			</li>
			<li>
				<filter>
					<thingDefs>
						<li>MechanicalMedEye</li>
					</thingDefs>
				</filter>
				<count>1</count>
			</li>
		</ingredients>
		<fixedIngredientFilter>
			<categories>
				<li>Medicine</li>
			</categories>
			<thingDefs>
				<li>MechanicalMedEye</li>
			</thingDefs>
		</fixedIngredientFilter>
		<appliedOnFixedBodyParts>
			<li>Eye</li>
		</appliedOnFixedBodyParts>
		<addsHediff>MechanicalMedEye</addsHediff>
	</RecipeDef>

	<RecipeDef ParentName="SurgeryMedMechanical">
		<defName>InstallMechanicalMedEar</defName>
		<label>install mechanical ear</label>
		<description>Installs mechanical ear.</description>
		<workerClass>Recipe_InstallArtificialBodyPart</workerClass>
		<jobString>Installing mechanical ear.</jobString>
		<workAmount>350</workAmount>
		<ingredients>
			<li>
				<filter>
					<categories>
						<li>Medicine</li>
					</categories>
				</filter>
				<count>1</count>
			</li>
			<li>
				<filter>
					<thingDefs>
						<li>MechanicalMedEar</li>
					</thingDefs>
				</filter>
				<count>1</count>
			</li>
		</ingredients>
		<fixedIngredientFilter>
			<categories>
				<li>Medicine</li>
			</categories>
			<thingDefs>
				<li>MechanicalMedEar</li>
			</thingDefs>
		</fixedIngredientFilter>
		<appliedOnFixedBodyParts>
			<li>Ear</li>
		</appliedOnFixedBodyParts>
		<addsHediff>MechanicalMedEar</addsHediff>
	</RecipeDef>	

</Defs>