<?xml version="1.0" encoding="utf-8" ?>
<Defs>
	
	<RecipeDef Name="SurgeryMedArtificial" ParentName="SurgeryFlesh" Abstract="True">
		<surgerySuccessChanceFactor>1</surgerySuccessChanceFactor>
		<deathOnFailedSurgeryChance>0</deathOnFailedSurgeryChance>
		<recipeUsers>
			<li>Human</li>
		</recipeUsers>
		<dontShowIfAnyIngredientMissing>true</dontShowIfAnyIngredientMissing>
	</RecipeDef>

	<RecipeDef ParentName="SurgeryMedArtificial">
		<defName>InstallArtificialMedHand</defName>
		<label>install artificial hand</label>
		<description>Installs artificial hand.</description>
		<workerClass>Recipe_InstallArtificialBodyPart</workerClass>
		<jobString>Installing artificial hand.</jobString>
		<workAmount>350</workAmount>
		<ingredients>
			<li>
				<filter>
					<categories>
						<li>Medicine</li>
					</categories>
				</filter>
				<count>1</count>
			</li>
			<li>
				<filter>
					<thingDefs>
						<li>ArtificialMedHand</li>
					</thingDefs>
				</filter>
				<count>1</count>
			</li>
		</ingredients>
		<fixedIngredientFilter>
			<categories>
				<li>Medicine</li>
			</categories>
			<thingDefs>
				<li>ArtificialMedHand</li>
			</thingDefs>
		</fixedIngredientFilter>
		<appliedOnFixedBodyParts>
			<li>Hand</li>
		</appliedOnFixedBodyParts>
		<addsHediff>ArtificialMedHand</addsHediff>
	</RecipeDef>
	
	<RecipeDef ParentName="SurgeryMedArtificial">
		<defName>InstallArtificialMedArm</defName>
		<label>install artificial arm</label>
		<description>Installs artificial arm.</description>
		<workerClass>Recipe_InstallArtificialBodyPart</workerClass>
		<jobString>Installing artificial arm.</jobString>
		<workAmount>350</workAmount>
		<ingredients>
			<li>
				<filter>
					<categories>
						<li>Medicine</li>
					</categories>
				</filter>
				<count>1</count>
			</li>
			<li>
				<filter>
					<thingDefs>
						<li>ArtificialMedArm</li>
					</thingDefs>
				</filter>
				<count>1</count>
			</li>
		</ingredients>
		<fixedIngredientFilter>
			<categories>
				<li>Medicine</li>
			</categories>
			<thingDefs>
				<li>ArtificialMedArm</li>
			</thingDefs>
		</fixedIngredientFilter>
		<appliedOnFixedBodyParts>
			<li>Shoulder</li>
		</appliedOnFixedBodyParts>
		<addsHediff>ArtificialMedArm</addsHediff>
	</RecipeDef>
	
	<RecipeDef ParentName="SurgeryMedArtificial">
		<defName>InstallArtificialMedLeg</defName>
		<label>install artificial leg</label>
		<description>Installs artificial leg.</description>
		<workerClass>Recipe_InstallArtificialBodyPart</workerClass>
		<jobString>Installing artificial leg.</jobString>
		<workAmount>350</workAmount>
		<ingredients>
			<li>
				<filter>
					<categories>
						<li>Medicine</li>
					</categories>
				</filter>
				<count>1</count>
			</li>
			<li>
				<filter>
					<thingDefs>
						<li>ArtificialMedLeg</li>
					</thingDefs>
				</filter>
				<count>1</count>
			</li>
		</ingredients>
		<fixedIngredientFilter>
			<categories>
				<li>Medicine</li>
			</categories>
			<thingDefs>
				<li>ArtificialMedLeg</li>
			</thingDefs>
		</fixedIngredientFilter>
		<appliedOnFixedBodyParts>
			<li>Leg</li>
		</appliedOnFixedBodyParts>
		<addsHediff>ArtificialMedLeg</addsHediff>
	</RecipeDef>
	
	<RecipeDef ParentName="SurgeryMedArtificial">
		<defName>InstallArtificialMedFoot</defName>
		<label>install artificial foot</label>
		<description>Installs artificial foot.</description>
		<workerClass>Recipe_InstallArtificialBodyPart</workerClass>
		<jobString>Installing artificial foot.</jobString>
		<workAmount>350</workAmount>
		<ingredients>
			<li>
				<filter>
					<categories>
						<li>Medicine</li>
					</categories>
				</filter>
				<count>1</count>
			</li>
			<li>
				<filter>
					<thingDefs>
						<li>ArtificialMedFoot</li>
					</thingDefs>
				</filter>
				<count>1</count>
			</li>
		</ingredients>
		<fixedIngredientFilter>
			<categories>
				<li>Medicine</li>
			</categories>
			<thingDefs>
				<li>ArtificialMedFoot</li>
			</thingDefs>
		</fixedIngredientFilter>
		<appliedOnFixedBodyParts>
			<li>Foot</li>
		</appliedOnFixedBodyParts>
		<addsHediff>ArtificialMedFoot</addsHediff>
	</RecipeDef>
	
	<RecipeDef ParentName="SurgeryMedArtificial">
		<defName>InstallArtificialMedFinger</defName>
		<label>install artificial finger</label>
		<description>Installs artificial finger.</description>
		<workerClass>Recipe_InstallArtificialBodyPart</workerClass>
		<jobString>Installing artificial finger.</jobString>
		<workAmount>350</workAmount>
		<ingredients>
			<li>
				<filter>
					<categories>
						<li>Medicine</li>
					</categories>
				</filter>
				<count>1</count>
			</li>
			<li>
				<filter>
					<thingDefs>
						<li>ArtificialMedFinger</li>
					</thingDefs>
				</filter>
				<count>1</count>
			</li>
		</ingredients>
		<fixedIngredientFilter>
			<categories>
				<li>Medicine</li>
			</categories>
			<thingDefs>
				<li>ArtificialMedFinger</li>
			</thingDefs>
		</fixedIngredientFilter>
		<appliedOnFixedBodyParts>
			<li>Finger</li>
		</appliedOnFixedBodyParts>
		<addsHediff>ArtificialMedFinger</addsHediff>
	</RecipeDef>
	
	<RecipeDef ParentName="SurgeryMedArtificial">
		<defName>InstallArtificialMedToe</defName>
		<label>install artificial toe</label>
		<description>Installs artificial toe.</description>
		<workerClass>Recipe_InstallArtificialBodyPart</workerClass>
		<jobString>Installing artificial toe.</jobString>
		<workAmount>350</workAmount>
		<ingredients>
			<li>
				<filter>
					<categories>
						<li>Medicine</li>
					</categories>
				</filter>
				<count>1</count>
			</li>
			<li>
				<filter>
					<thingDefs>
						<li>ArtificialMedToe</li>
					</thingDefs>
				</filter>
				<count>1</count>
			</li>
		</ingredients>
		<fixedIngredientFilter>
			<categories>
				<li>Medicine</li>
			</categories>
			<thingDefs>
				<li>ArtificialMedToe</li>
			</thingDefs>
		</fixedIngredientFilter>
		<appliedOnFixedBodyParts>
			<li>Toe</li>
		</appliedOnFixedBodyParts>
		<addsHediff>ArtificialMedToe</addsHediff>
	</RecipeDef>
	
	<RecipeDef ParentName="SurgeryMedArtificial">
		<defName>InstallArtificialMedNose</defName>
		<label>install artificial nose</label>
		<description>Installs artificial nose.</description>
		<workerClass>Recipe_InstallArtificialBodyPart</workerClass>
		<jobString>Installing artificial nose.</jobString>
		<workAmount>350</workAmount>
		<ingredients>
			<li>
				<filter>
					<categories>
						<li>Medicine</li>
					</categories>
				</filter>
				<count>1</count>
			</li>
			<li>
				<filter>
					<thingDefs>
						<li>ArtificialMedNose</li>
					</thingDefs>
				</filter>
				<count>1</count>
			</li>
		</ingredients>
		<fixedIngredientFilter>
			<categories>
				<li>Medicine</li>
			</categories>
			<thingDefs>
				<li>ArtificialMedNose</li>
			</thingDefs>
		</fixedIngredientFilter>
		<appliedOnFixedBodyParts>
			<li>Nose</li>
		</appliedOnFixedBodyParts>
		<addsHediff>ArtificialMedNose</addsHediff>
	</RecipeDef>

	<RecipeDef ParentName="SurgeryMedArtificial">
		<defName>InstallArtificialMedEye</defName>
		<label>install artificial eye</label>
		<description>Installs artificial eye.</description>
		<workerClass>Recipe_InstallArtificialBodyPart</workerClass>
		<jobString>Installing artificial eye.</jobString>
		<workAmount>350</workAmount>
		<ingredients>
			<li>
				<filter>
					<categories>
						<li>Medicine</li>
					</categories>
				</filter>
				<count>1</count>
			</li>
			<li>
				<filter>
					<thingDefs>
						<li>ArtificialMedEye</li>
					</thingDefs>
				</filter>
				<count>1</count>
			</li>
		</ingredients>
		<fixedIngredientFilter>
			<categories>
				<li>Medicine</li>
			</categories>
			<thingDefs>
				<li>ArtificialMedEye</li>
			</thingDefs>
		</fixedIngredientFilter>
		<appliedOnFixedBodyParts>
			<li>Eye</li>
		</appliedOnFixedBodyParts>
		<addsHediff>ArtificialMedEye</addsHediff>
	</RecipeDef>
	
	<RecipeDef ParentName="SurgeryMedArtificial">
		<defName>InstallArtificialMedEar</defName>
		<label>install artificial ear</label>
		<description>Installs artificial ear.</description>
		<workerClass>Recipe_InstallArtificialBodyPart</workerClass>
		<jobString>Installing artificial ear.</jobString>
		<workAmount>350</workAmount>
		<ingredients>
			<li>
				<filter>
					<categories>
						<li>Medicine</li>
					</categories>
				</filter>
				<count>1</count>
			</li>
			<li>
				<filter>
					<thingDefs>
						<li>ArtificialMedEar</li>
					</thingDefs>
				</filter>
				<count>1</count>
			</li>
		</ingredients>
		<fixedIngredientFilter>
			<categories>
				<li>Medicine</li>
			</categories>
			<thingDefs>
				<li>ArtificialMedEar</li>
			</thingDefs>
		</fixedIngredientFilter>
		<appliedOnFixedBodyParts>
			<li>Ear</li>
		</appliedOnFixedBodyParts>
		<addsHediff>ArtificialMedEar</addsHediff>
	</RecipeDef>	

</Defs>