<?xml version="1.0" encoding="utf-8" ?>
<Defs>
	
	<RecipeDef Name="SurgeryBasic" ParentName="SurgeryFlesh" Abstract="True">
		<surgerySuccessChanceFactor>1</surgerySuccessChanceFactor>
		<deathOnFailedSurgeryChance>0</deathOnFailedSurgeryChance>
		<recipeUsers>
			<li>Human</li>
		</recipeUsers>
		<dontShowIfAnyIngredientMissing>true</dontShowIfAnyIngredientMissing>
	</RecipeDef>

	<RecipeDef ParentName="SurgeryBasic">
		<defName>InstallIronArm</defName>
		<label>install iron arm</label>
		<description>Installs iron arm.</description>
		<workerClass>Recipe_InstallArtificialBodyPart</workerClass>
		<jobString>Installing iron arm.</jobString>
		<workAmount>350</workAmount>
		<ingredients>
			<li>
				<filter>
					<categories>
						<li>Medicine</li>
					</categories>
				</filter>
				<count>1</count>
			</li>
			<li>
				<filter>
					<thingDefs>
						<li>IronArm</li>
					</thingDefs>
				</filter>
				<count>1</count>
			</li>
		</ingredients>
		<fixedIngredientFilter>
			<categories>
				<li>Medicine</li>
			</categories>
			<thingDefs>
				<li>IronArm</li>
			</thingDefs>
		</fixedIngredientFilter>
		<appliedOnFixedBodyParts>
			<li>Shoulder</li>
		</appliedOnFixedBodyParts>
		<addsHediff>IronArm</addsHediff>
	</RecipeDef>
	
	<RecipeDef ParentName="SurgeryBasic">
		<defName>InstallProstheticHook</defName>
		<label>install prosthetic hook</label>
		<description>Installs prosthetic hook.</description>
		<workerClass>Recipe_InstallArtificialBodyPart</workerClass>
		<jobString>Installing prosthetic hook.</jobString>
		<workAmount>350</workAmount>
		<ingredients>
			<li>
				<filter>
					<categories>
						<li>Medicine</li>
					</categories>
				</filter>
				<count>1</count>
			</li>
			<li>
				<filter>
					<thingDefs>
						<li>ProstheticHook</li>
					</thingDefs>
				</filter>
				<count>1</count>
			</li>
		</ingredients>
		<fixedIngredientFilter>
			<categories>
				<li>Medicine</li>
			</categories>
			<thingDefs>
				<li>ProstheticHook</li>
			</thingDefs>
		</fixedIngredientFilter>
		<appliedOnFixedBodyParts>
			<li>Hand</li>
		</appliedOnFixedBodyParts>
		<addsHediff>ProstheticHook</addsHediff>
	</RecipeDef>
	
	<RecipeDef ParentName="SurgeryBasic">
		<defName>InstallWoodenFoot</defName>
		<label>install wooden foot</label>
		<description>Installs wooden foot.</description>
		<workerClass>Recipe_InstallArtificialBodyPart</workerClass>
		<jobString>Installing wooden foot.</jobString>
		<workAmount>350</workAmount>
		<ingredients>
			<li>
				<filter>
					<categories>
						<li>Medicine</li>
					</categories>
				</filter>
				<count>1</count>
			</li>
			<li>
				<filter>
					<thingDefs>
						<li>WoodenFoot</li>
					</thingDefs>
				</filter>
				<count>1</count>
			</li>
		</ingredients>
		<fixedIngredientFilter>
			<categories>
				<li>Medicine</li>
			</categories>
			<thingDefs>
				<li>WoodenFoot</li>
			</thingDefs>
		</fixedIngredientFilter>
		<appliedOnFixedBodyParts>
			<li>Foot</li>
		</appliedOnFixedBodyParts>
		<addsHediff>WoodenFoot</addsHediff>
	</RecipeDef>
	
	<RecipeDef ParentName="SurgeryBasic">
		<defName>InstallWoodenToe</defName>
		<label>install wooden toe</label>
		<description>Installs wooden toe.</description>
		<workerClass>Recipe_InstallArtificialBodyPart</workerClass>
		<jobString>Installing wooden toe.</jobString>
		<workAmount>350</workAmount>
		<ingredients>
			<li>
				<filter>
					<categories>
						<li>Medicine</li>
					</categories>
				</filter>
				<count>1</count>
			</li>
			<li>
				<filter>
					<thingDefs>
						<li>WoodenToe</li>
					</thingDefs>
				</filter>
				<count>1</count>
			</li>
		</ingredients>
		<fixedIngredientFilter>
			<categories>
				<li>Medicine</li>
			</categories>
			<thingDefs>
				<li>WoodenToe</li>
			</thingDefs>
		</fixedIngredientFilter>
		<appliedOnFixedBodyParts>
			<li>Toe</li>
		</appliedOnFixedBodyParts>
		<addsHediff>WoodenToe</addsHediff>
	</RecipeDef>
	
	<RecipeDef ParentName="SurgeryBasic">
		<defName>InstallWoodenFinger</defName>
		<label>install wooden finger</label>
		<description>Installs wooden finger.</description>
		<workerClass>Recipe_InstallArtificialBodyPart</workerClass>
		<jobString>Installing wooden finger.</jobString>
		<workAmount>350</workAmount>
		<ingredients>
			<li>
				<filter>
					<categories>
						<li>Medicine</li>
					</categories>
				</filter>
				<count>1</count>
			</li>
			<li>
				<filter>
					<thingDefs>
						<li>WoodenFinger</li>
					</thingDefs>
				</filter>
				<count>1</count>
			</li>
		</ingredients>
		<fixedIngredientFilter>
			<categories>
				<li>Medicine</li>
			</categories>
			<thingDefs>
				<li>WoodenFinger</li>
			</thingDefs>
		</fixedIngredientFilter>
		<appliedOnFixedBodyParts>
			<li>Finger</li>
		</appliedOnFixedBodyParts>
		<addsHediff>WoodenFinger</addsHediff>
	</RecipeDef>
	
	<RecipeDef ParentName="SurgeryBasic">
		<defName>InstallWoodenNose</defName>
		<label>install wooden nose</label>
		<description>Installs wooden nose.</description>
		<workerClass>Recipe_InstallArtificialBodyPart</workerClass>
		<jobString>Installing wooden nose.</jobString>
		<workAmount>350</workAmount>
		<ingredients>
			<li>
				<filter>
					<categories>
						<li>Medicine</li>
					</categories>
				</filter>
				<count>1</count>
			</li>
			<li>
				<filter>
					<thingDefs>
						<li>WoodenNose</li>
					</thingDefs>
				</filter>
				<count>1</count>
			</li>
		</ingredients>
		<fixedIngredientFilter>
			<categories>
				<li>Medicine</li>
			</categories>
			<thingDefs>
				<li>WoodenNose</li>
			</thingDefs>
		</fixedIngredientFilter>
		<appliedOnFixedBodyParts>
			<li>Nose</li>
		</appliedOnFixedBodyParts>
		<addsHediff>WoodenNose</addsHediff>
	</RecipeDef>
	
	<RecipeDef ParentName="SurgeryBasic">
		<defName>InstallEyePatch</defName>
		<label>install eye patch</label>
		<description>Installs eye patch.</description>
		<workerClass>Recipe_InstallArtificialBodyPart</workerClass>
		<jobString>Installing eye patch.</jobString>
		<workAmount>350</workAmount>
		<ingredients>
			<li>
				<filter>
					<categories>
						<li>Medicine</li>
					</categories>
				</filter>
				<count>1</count>
			</li>
			<li>
				<filter>
					<thingDefs>
						<li>EyePatch</li>
					</thingDefs>
				</filter>
				<count>1</count>
			</li>
		</ingredients>
		<fixedIngredientFilter>
			<categories>
				<li>Medicine</li>
			</categories>
			<thingDefs>
				<li>EyePatch</li>
			</thingDefs>
		</fixedIngredientFilter>
		<appliedOnFixedBodyParts>
			<li>Eye</li>
		</appliedOnFixedBodyParts>
		<addsHediff>EyePatch</addsHediff>
	</RecipeDef>
	
	<RecipeDef ParentName="SurgeryBasic">
		<defName>InstallEarPatch</defName>
		<label>install ear patch</label>
		<description>Installs ear patch.</description>
		<workerClass>Recipe_InstallArtificialBodyPart</workerClass>
		<jobString>Installing ear patch.</jobString>
		<workAmount>350</workAmount>
		<ingredients>
			<li>
				<filter>
					<categories>
						<li>Medicine</li>
					</categories>
				</filter>
				<count>1</count>
			</li>
			<li>
				<filter>
					<thingDefs>
						<li>EarPatch</li>
					</thingDefs>
				</filter>
				<count>1</count>
			</li>
		</ingredients>
		<fixedIngredientFilter>
			<categories>
				<li>Medicine</li>
			</categories>
			<thingDefs>
				<li>EarPatch</li>
			</thingDefs>
		</fixedIngredientFilter>
		<appliedOnFixedBodyParts>
			<li>Ear</li>
		</appliedOnFixedBodyParts>
		<addsHediff>EarPatch</addsHediff>
	</RecipeDef>

</Defs>