﻿<?xml version="1.0" encoding="utf-8"?>
<ModMetaData>
	<name>Medieval Medicines</name>
	<author>Nunahur Al-Shamikh</author>
    <packageId>NunahurAlShamikh.MedMed</packageId>
    <url></url>
	<supportedVersions>
		<li>1.1</li>
		<li>1.2</li>
		<li>1.3</li>
	</supportedVersions>
	<description>New medicines intended to create tiered alternatives to herbal medicine. Effectiveness ranges from slightly better than herbal medicine to slightly better than industrial medicine.</description>
</ModMetaData>