<?xml version="1.0" encoding="UTF-8"?>
<Defs>
	<ResearchProjectDef>
		<defName>Entosomnia</defName>
		<label>Entosomnia</label>
		<description>Through the mixture of insect jelly and Ambrosia, and the flow of arcane power through several metallic conduits, we have discovered a way to indefinitely suspend a person in time, preserving them as they are now.</description>
		<baseCost>5000</baseCost>
		<techLevel>Medieval</techLevel>
		<tab>Entosomnia</tab>
		<researchViewX>1</researchViewX>
		<researchViewY>0</researchViewY>
	</ResearchProjectDef>
</Defs>